customer_id,gender,age,city,registration_date,customer_segment,lifetime_value
CUST000001,M,37,Bangkok,2023-10-19 22:09:24.549306,New,4423.61
CUST000002,F,18,Khon Kaen,2023-04-25 22:09:24.549306,Regular,35194.36
CUST000003,F,39,Hat Yai,2024-09-18 22:09:24.549306,Regular,27091.83
CUST000004,F,42,Bangkok,2024-07-18 22:09:24.549306,Regular,43105.42
CUST000005,M,41,Bangkok,2024-06-04 22:09:24.549306,Occasional,9483.35
CUST000006,M,47,Khon Kaen,2023-12-15 22:09:24.549306,Regular,17774.81
CUST000007,M,45,Bangkok,2023-09-30 22:09:24.549306,Regular,34804.77
CUST000008,F,40,Chiang Mai,2023-08-30 22:09:24.549306,Occasional,13896.22
CUST000009,F,34,Hat Yai,2025-07-16 22:09:24.549306,Premium,89631.26
CUST000010,F,18,Bangkok,2023-05-09 22:09:24.549306,Premium,79632.58
CUST000011,M,40,Phuket,2023-05-05 22:09:24.549306,Regular,20021.43
CUST000012,F,37,Bangkok,2023-09-12 22:09:24.549306,Premium,65144.55
CUST000013,F,38,Bangkok,2024-05-25 22:09:24.549306,Premium,93277.15
CUST000014,M,19,Khon Kaen,2024-06-23 22:09:24.549306,Regular,35848.79
CUST000015,M,22,Bangkok,2026-01-02 22:09:24.549306,Occasional,3967.38
CUST000016,M,47,Hat Yai,2023-04-28 22:09:24.549306,Occasional,14274.82
CUST000017,M,34,Chiang Mai,2024-04-15 22:09:24.549306,Occasional,12061.6
CUST000018,F,43,Bangkok,2025-07-11 22:09:24.549306,Regular,35531.84
CUST000019,M,35,Bangkok,2024-05-29 22:09:24.549306,New,4227.97
CUST000020,M,35,Bangkok,2025-09-09 22:09:24.549306,Regular,17806.54
CUST000021,F,46,Bangkok,2024-09-24 22:09:24.549306,Premium,97683.89
CUST000022,M,28,Bangkok,2023-03-18 22:09:24.549306,Occasional,10561.12
CUST000023,M,36,Bangkok,2024-01-25 22:09:24.549306,Premium,132865.29
CUST000024,M,29,Chiang Mai,2025-07-17 22:09:24.549306,Regular,42421.43
CUST000025,M,29,Pattaya,2025-01-29 22:09:24.549306,Occasional,6324.83
CUST000026,F,31,Phuket,2024-09-24 22:09:24.549306,New,4733.96
CUST000027,M,37,Pattaya,2024-01-17 22:09:24.549306,Regular,19352.1
CUST000028,F,29,Bangkok,2024-05-18 22:09:24.549306,Occasional,13501.6
CUST000029,F,50,Bangkok,2025-01-22 22:09:24.549306,New,4869.23
CUST000030,M,24,Phuket,2023-09-30 22:09:24.549306,Premium,67715.35
CUST000031,F,32,Chiang Mai,2023-09-10 22:09:24.549306,Regular,40272.31
CUST000032,M,29,Bangkok,2025-04-21 22:09:24.549306,Regular,16409.99
CUST000033,M,52,Khon Kaen,2023-09-19 22:09:24.549306,Regular,29189.8
CUST000034,F,37,Pattaya,2025-03-09 22:09:24.549306,Regular,33069.92
CUST000035,F,47,Chiang Mai,2025-02-06 22:09:24.549306,New,3112.9
CUST000036,F,18,Bangkok,2024-08-27 22:09:24.549306,Occasional,14231.25
CUST000037,M,38,Pattaya,2023-06-01 22:09:24.549306,Occasional,11067.01
CUST000038,M,45,Chiang Mai,2025-09-30 22:09:24.549306,Regular,31844.73
CUST000039,F,35,Pattaya,2023-11-15 22:09:24.549306,Occasional,12716.1
CUST000040,M,47,Pattaya,2025-04-18 22:09:24.549306,New,4777.4
CUST000041,M,28,Khon Kaen,2023-08-13 22:09:24.549306,Occasional,3264.79
CUST000042,F,51,Chiang Mai,2024-10-25 22:09:24.549306,Premium,148252.13
CUST000043,M,62,Bangkok,2025-03-14 22:09:24.549306,Occasional,4033.59
CUST000044,F,30,Phuket,2024-04-01 22:09:24.549306,Premium,131438.68
CUST000045,M,29,Phuket,2023-07-25 22:09:24.549306,Regular,24811.72
CUST000046,F,52,Pattaya,2023-06-06 22:09:24.549306,Premium,63217.97
CUST000047,M,53,Bangkok,2024-06-13 22:09:24.549306,Occasional,8278.27
CUST000048,F,28,Bangkok,2024-10-17 22:09:24.549306,Occasional,10727.48
CUST000049,F,29,Khon Kaen,2023-08-15 22:09:24.549306,Premium,88095.18
CUST000050,M,31,Pattaya,2024-06-23 22:09:24.549306,Regular,16909.79
CUST000051,F,18,Hat Yai,2023-09-27 22:09:24.549306,Regular,35981.14
CUST000052,F,23,Pattaya,2025-04-21 22:09:24.549306,Regular,46584.11
CUST000053,F,22,Chiang Mai,2024-09-24 22:09:24.549306,Premium,88321.54
CUST000054,F,25,Phuket,2025-09-18 22:09:24.549306,Regular,22571.65
CUST000055,F,34,Khon Kaen,2025-03-21 22:09:24.549306,Occasional,8310.93
CUST000056,F,37,Chiang Mai,2024-02-01 22:09:24.549306,Premium,54836.27
CUST000057,M,53,Phuket,2025-04-01 22:09:24.549306,Premium,132048.76
CUST000058,M,23,Bangkok,2025-03-01 22:09:24.549306,Regular,43921.93
CUST000059,M,46,Chiang Mai,2024-05-07 22:09:24.549306,New,3146.0
CUST000060,M,32,Pattaya,2024-09-01 22:09:24.549306,Occasional,7237.23
CUST000061,M,34,Bangkok,2023-07-29 22:09:24.549306,Occasional,12597.4
CUST000062,M,43,Bangkok,2024-02-18 22:09:24.549306,Regular,34414.05
CUST000063,F,21,Bangkok,2026-03-02 22:09:24.549306,Occasional,12911.19
CUST000064,M,39,Bangkok,2024-07-18 22:09:24.549306,Premium,113145.88
CUST000065,M,36,Bangkok,2024-02-02 22:09:24.549306,Occasional,12412.87
CUST000066,F,40,Bangkok,2025-10-06 22:09:24.549306,New,3193.53
CUST000067,M,38,Hat Yai,2025-04-20 22:09:24.549306,Occasional,7969.69
CUST000068,F,64,Chiang Mai,2024-09-07 22:09:24.549306,New,4810.76
CUST000069,M,27,Bangkok,2024-05-27 22:09:24.549306,Occasional,9493.37
CUST000070,F,28,Bangkok,2024-12-28 22:09:24.549306,Premium,110508.95
CUST000071,F,27,Phuket,2023-06-27 22:09:24.549306,New,1492.19
CUST000072,M,28,Bangkok,2024-06-16 22:09:24.549306,Premium,112565.08
CUST000073,M,27,Khon Kaen,2023-05-09 22:09:24.549306,Occasional,9859.29
CUST000074,F,49,Phuket,2024-12-10 22:09:24.549306,Premium,68483.84
CUST000075,F,52,Pattaya,2025-06-03 22:09:24.549306,Premium,55958.71
CUST000076,F,28,Bangkok,2024-09-03 22:09:24.549306,Regular,36152.58
CUST000077,F,25,Phuket,2023-07-18 22:09:24.549306,Regular,41729.23
CUST000078,M,40,Bangkok,2024-05-10 22:09:24.549306,Regular,33319.05
CUST000079,M,28,Hat Yai,2024-12-08 22:09:24.549306,Occasional,5721.27
CUST000080,M,42,Phuket,2024-05-13 22:09:24.549306,Premium,116652.2
CUST000081,F,37,Bangkok,2025-12-21 22:09:24.549306,Premium,58010.57
CUST000082,F,18,Bangkok,2025-05-23 22:09:24.549306,Occasional,8302.0
CUST000083,M,53,Bangkok,2025-09-29 22:09:24.549306,Regular,20717.84
CUST000084,M,56,Phuket,2023-12-22 22:09:24.549306,Occasional,5213.51
CUST000085,M,27,Bangkok,2024-08-28 22:09:24.549306,Occasional,5427.53
CUST000086,M,30,Chiang Mai,2023-12-15 22:09:24.549306,Occasional,7640.48
CUST000087,F,38,Bangkok,2024-07-22 22:09:24.549306,Occasional,3613.8
CUST000088,F,39,Phuket,2024-08-24 22:09:24.549306,Regular,28922.77
CUST000089,F,42,Khon Kaen,2025-07-29 22:09:24.549306,Occasional,9140.49
CUST000090,M,59,Pattaya,2025-05-30 22:09:24.549306,Regular,31915.3
CUST000091,M,32,Pattaya,2025-03-15 22:09:24.549306,Regular,28397.44
CUST000092,F,25,Bangkok,2024-05-27 22:09:24.549306,Occasional,13069.76
CUST000093,F,18,Bangkok,2023-12-13 22:09:24.549306,Regular,20086.43
CUST000094,F,26,Phuket,2026-01-11 22:09:24.549306,Occasional,9068.36
CUST000095,F,34,Bangkok,2025-12-09 22:09:24.549306,Occasional,3744.5
CUST000096,F,56,Bangkok,2023-09-07 22:09:24.549306,New,820.2
CUST000097,F,28,Bangkok,2023-06-09 22:09:24.549306,New,3082.4
CUST000098,M,37,Bangkok,2023-10-15 22:09:24.549306,Regular,34810.64
CUST000099,M,34,Bangkok,2024-01-12 22:09:24.549306,Regular,45731.17
CUST000100,M,49,Khon Kaen,2024-01-26 22:09:24.549306,Occasional,9694.48
CUST000101,M,65,Bangkok,2025-07-16 22:09:24.549306,Regular,48592.69
CUST000102,F,28,Chiang Mai,2023-07-13 22:09:24.549306,Occasional,3584.34
CUST000103,M,29,Bangkok,2025-05-01 22:09:24.549306,Occasional,4176.09
CUST000104,F,47,Phuket,2025-04-24 22:09:24.549306,Occasional,3528.79
CUST000105,F,43,Bangkok,2025-10-18 22:09:24.549306,Regular,21484.69
CUST000106,M,57,Khon Kaen,2026-02-20 22:09:24.549306,Regular,33944.45
CUST000107,M,42,Khon Kaen,2024-07-31 22:09:24.549306,Regular,37595.03
CUST000108,F,30,Bangkok,2023-03-28 22:09:24.549306,Premium,54558.52
CUST000109,M,42,Hat Yai,2023-10-25 22:09:24.549306,New,4756.87
CUST000110,M,48,Hat Yai,2024-09-01 22:09:24.549306,Regular,44475.79
CUST000111,M,44,Khon Kaen,2025-01-29 22:09:24.549306,Regular,25381.44
CUST000112,M,41,Khon Kaen,2023-10-19 22:09:24.549306,Premium,57718.75
CUST000113,F,47,Bangkok,2024-10-26 22:09:24.549306,Occasional,5038.64
CUST000114,F,49,Chiang Mai,2025-08-11 22:09:24.549306,Occasional,4523.33
CUST000115,F,51,Bangkok,2024-01-22 22:09:24.549306,Regular,19314.93
CUST000116,F,42,Bangkok,2025-09-19 22:09:24.549306,Premium,101856.17
CUST000117,F,32,Hat Yai,2023-03-11 22:09:24.549306,Regular,23604.66
CUST000118,M,36,Bangkok,2024-08-25 22:09:24.549306,Regular,27534.89
CUST000119,F,49,Pattaya,2025-12-24 22:09:24.549306,Occasional,14874.06
CUST000120,F,25,Khon Kaen,2024-03-04 22:09:24.549306,Occasional,11211.77
CUST000121,F,39,Khon Kaen,2026-01-07 22:09:24.549306,Regular,48214.32
CUST000122,F,30,Hat Yai,2023-10-08 22:09:24.549306,Regular,19989.48
CUST000123,M,35,Bangkok,2024-11-05 22:09:24.549306,New,2219.63
CUST000124,M,50,Bangkok,2026-01-07 22:09:24.549306,Regular,34415.61
CUST000125,M,37,Bangkok,2024-04-15 22:09:24.549306,Occasional,3921.1
CUST000126,M,35,Bangkok,2024-01-12 22:09:24.549306,Premium,50418.74
CUST000127,F,18,Bangkok,2025-04-08 22:09:24.549306,Regular,38465.2
CUST000128,F,43,Bangkok,2024-01-29 22:09:24.549306,Premium,114181.95
CUST000129,M,42,Pattaya,2026-02-23 22:09:24.549306,Occasional,7929.47
CUST000130,F,60,Chiang Mai,2023-03-06 22:09:24.549306,New,2703.4
CUST000131,M,31,Bangkok,2024-12-27 22:09:24.549306,Regular,29540.51
CUST000132,M,37,Phuket,2025-11-29 22:09:24.549306,Premium,52400.5
CUST000133,M,37,Bangkok,2023-04-13 22:09:24.549306,Premium,83537.16
CUST000134,M,53,Bangkok,2023-10-20 22:09:24.549306,Regular,21197.88
CUST000135,F,33,Pattaya,2025-03-17 22:09:24.549306,Regular,18444.85
CUST000136,M,38,Phuket,2024-11-23 22:09:24.549306,Premium,145672.04
CUST000137,F,42,Pattaya,2024-07-07 22:09:24.549306,Occasional,10192.32
CUST000138,F,37,Bangkok,2023-07-01 22:09:24.549306,Regular,40502.97
CUST000139,M,29,Khon Kaen,2024-07-10 22:09:24.549306,Regular,26037.73
CUST000140,F,37,Phuket,2023-08-13 22:09:24.549306,New,2269.16
CUST000141,F,47,Chiang Mai,2023-08-27 22:09:24.549306,Premium,73692.4
CUST000142,M,22,Phuket,2025-11-24 22:09:24.549306,New,936.35
CUST000143,F,36,Khon Kaen,2023-07-24 22:09:24.549306,Regular,21266.11
CUST000144,M,26,Chiang Mai,2026-02-27 22:09:24.549306,New,4088.81
CUST000145,M,49,Chiang Mai,2023-11-17 22:09:24.549306,Occasional,11130.55
CUST000146,M,18,Hat Yai,2023-11-22 22:09:24.549306,Occasional,9563.15
CUST000147,F,28,Pattaya,2025-11-02 22:09:24.549306,New,2637.9
CUST000148,F,39,Bangkok,2024-02-06 22:09:24.549306,Regular,47285.2
CUST000149,M,53,Pattaya,2024-08-28 22:09:24.549306,New,827.31
CUST000150,M,34,Bangkok,2026-02-17 22:09:24.549306,Regular,24821.03
CUST000151,F,28,Bangkok,2025-07-18 22:09:24.549306,Regular,27247.82
CUST000152,M,57,Chiang Mai,2024-05-11 22:09:24.549306,Regular,42384.9
CUST000153,M,18,Hat Yai,2024-04-19 22:09:24.549306,Occasional,14910.18
CUST000154,F,18,Hat Yai,2024-12-02 22:09:24.549306,Regular,23423.47
CUST000155,F,40,Bangkok,2025-05-30 22:09:24.549306,Occasional,13491.69
CUST000156,M,28,Chiang Mai,2025-04-07 22:09:24.549306,Occasional,12967.47
CUST000157,F,22,Bangkok,2025-08-18 22:09:24.549306,Occasional,5695.89
CUST000158,F,43,Hat Yai,2026-01-27 22:09:24.549306,Occasional,7791.99
CUST000159,M,37,Hat Yai,2025-09-14 22:09:24.549306,Regular,29338.55
CUST000160,F,28,Phuket,2023-11-07 22:09:24.549306,Regular,49237.72
CUST000161,M,19,Khon Kaen,2024-07-24 22:09:24.549306,Regular,21331.22
CUST000162,F,45,Pattaya,2024-06-07 22:09:24.549306,Regular,42970.53
CUST000163,F,42,Chiang Mai,2023-07-14 22:09:24.549306,Premium,83419.27
CUST000164,F,33,Bangkok,2025-01-25 22:09:24.549306,Regular,40580.46
CUST000165,M,57,Chiang Mai,2023-04-17 22:09:24.549306,Regular,29700.39
CUST000166,F,22,Phuket,2024-06-18 22:09:24.549306,New,3102.62
CUST000167,M,18,Phuket,2024-05-29 22:09:24.549306,Occasional,12991.34
CUST000168,M,26,Bangkok,2023-03-19 22:09:24.549306,Regular,43145.79
CUST000169,M,34,Hat Yai,2023-07-28 22:09:24.549306,Occasional,13397.08
CUST000170,F,37,Bangkok,2023-07-03 22:09:24.549306,Premium,55961.73
CUST000171,F,32,Chiang Mai,2024-06-15 22:09:24.549306,Regular,39221.77
CUST000172,M,39,Phuket,2023-07-21 22:09:24.549306,Occasional,4679.85
CUST000173,F,19,Phuket,2023-05-08 22:09:24.549306,Regular,29553.65
CUST000174,M,52,Phuket,2025-01-09 22:09:24.549306,Regular,34200.59
CUST000175,F,34,Bangkok,2023-07-28 22:09:24.549306,New,2312.33
CUST000176,M,48,Bangkok,2026-01-20 22:09:24.549306,New,2838.25
CUST000177,F,39,Phuket,2024-07-04 22:09:24.549306,Occasional,14958.32
CUST000178,M,40,Chiang Mai,2024-09-25 22:09:24.549306,Occasional,4622.61
CUST000179,F,41,Bangkok,2025-11-23 22:09:24.549306,Occasional,11105.47
CUST000180,M,40,Pattaya,2024-05-16 22:09:24.549306,Regular,28860.03
CUST000181,M,42,Chiang Mai,2023-11-30 22:09:24.549306,Regular,19655.34
CUST000182,M,50,Phuket,2025-10-28 22:09:24.549306,Premium,65873.68
CUST000183,F,37,Khon Kaen,2024-07-14 22:09:24.549306,Regular,48224.56
CUST000184,F,43,Bangkok,2025-10-28 22:09:24.549306,Occasional,13555.22
CUST000185,M,33,Bangkok,2025-06-15 22:09:24.549306,Regular,46746.47
CUST000186,F,52,Pattaya,2024-03-28 22:09:24.549306,New,4961.9
CUST000187,F,26,Phuket,2023-09-14 22:09:24.549306,New,1437.42
CUST000188,F,56,Phuket,2023-09-19 22:09:24.549306,Occasional,7265.27
CUST000189,F,34,Khon Kaen,2025-08-03 22:09:24.549306,Occasional,11030.63
CUST000190,M,18,Khon Kaen,2025-02-27 22:09:24.549306,New,2677.11
CUST000191,M,36,Hat Yai,2025-07-19 22:09:24.549306,Premium,91838.95
CUST000192,F,26,Chiang Mai,2025-06-23 22:09:24.549306,Occasional,7293.73
CUST000193,F,45,Chiang Mai,2025-10-16 22:09:24.549306,Premium,109378.06
CUST000194,F,27,Bangkok,2023-06-23 22:09:24.549306,Occasional,9907.12
CUST000195,M,29,Bangkok,2023-09-22 22:09:24.549306,Regular,20651.02
CUST000196,M,18,Chiang Mai,2023-07-07 22:09:24.549306,New,2622.83
CUST000197,F,29,Bangkok,2025-06-06 22:09:24.549306,New,2990.62
CUST000198,F,18,Hat Yai,2025-01-27 22:09:24.549306,Premium,107028.69
CUST000199,F,18,Chiang Mai,2023-10-14 22:09:24.549306,Regular,22353.75
CUST000200,F,44,Chiang Mai,2024-07-26 22:09:24.549306,New,3840.22
CUST000201,F,44,Bangkok,2024-03-31 22:09:24.549306,Regular,15881.97
CUST000202,M,40,Bangkok,2024-03-28 22:09:24.549306,New,2096.74
CUST000203,M,23,Bangkok,2025-09-08 22:09:24.549306,Occasional,12362.55
CUST000204,F,34,Bangkok,2023-12-17 22:09:24.549306,Regular,34736.25
CUST000205,F,34,Bangkok,2025-07-16 22:09:24.549306,Regular,24140.69
CUST000206,M,21,Phuket,2024-03-14 22:09:24.549306,Regular,39323.36
CUST000207,M,53,Khon Kaen,2024-09-25 22:09:24.549306,Occasional,9808.69
CUST000208,F,45,Khon Kaen,2025-10-07 22:09:24.549306,Regular,42868.53
CUST000209,M,32,Phuket,2024-07-28 22:09:24.549306,Occasional,11820.3
CUST000210,M,35,Bangkok,2023-08-06 22:09:24.549306,Regular,36353.78
CUST000211,F,37,Khon Kaen,2025-08-28 22:09:24.549306,Occasional,8858.13
CUST000212,F,18,Khon Kaen,2023-09-21 22:09:24.549306,New,1099.32
CUST000213,F,32,Bangkok,2023-06-16 22:09:24.549306,New,1676.0
CUST000214,M,26,Pattaya,2023-04-04 22:09:24.549306,Regular,29668.48
CUST000215,F,22,Bangkok,2023-09-12 22:09:24.549306,Occasional,10191.59
CUST000216,M,31,Khon Kaen,2024-07-01 22:09:24.549306,Occasional,9164.49
CUST000217,M,56,Hat Yai,2024-02-08 22:09:24.549306,Occasional,6458.21
CUST000218,F,42,Bangkok,2025-06-14 22:09:24.549306,New,529.09
CUST000219,F,28,Khon Kaen,2025-11-23 22:09:24.549306,Regular,32368.37
CUST000220,F,41,Phuket,2025-11-14 22:09:24.549306,Premium,78562.6
CUST000221,F,51,Hat Yai,2024-05-15 22:09:24.549306,New,3805.74
CUST000222,F,46,Chiang Mai,2025-06-03 22:09:24.549306,Regular,15838.12
CUST000223,M,35,Khon Kaen,2023-07-03 22:09:24.549306,Occasional,10017.93
CUST000224,M,27,Bangkok,2024-02-05 22:09:24.549306,New,4736.63
CUST000225,M,43,Bangkok,2025-04-19 22:09:24.549306,Premium,67440.93
CUST000226,M,39,Bangkok,2023-03-09 22:09:24.549306,New,2622.42
CUST000227,F,45,Hat Yai,2025-05-12 22:09:24.549306,Regular,18199.77
CUST000228,M,42,Khon Kaen,2024-08-29 22:09:24.549306,Occasional,10508.18
CUST000229,F,47,Khon Kaen,2025-09-21 22:09:24.549306,Occasional,9606.38
CUST000230,F,28,Hat Yai,2024-10-09 22:09:24.549306,New,2333.14
CUST000231,F,50,Bangkok,2025-07-18 22:09:24.549306,Premium,102137.7
CUST000232,F,37,Bangkok,2025-11-25 22:09:24.549306,Regular,46380.11
CUST000233,F,59,Bangkok,2024-01-16 22:09:24.549306,Occasional,5355.53
CUST000234,F,26,Bangkok,2024-03-27 22:09:24.549306,Occasional,3270.77
CUST000235,M,55,Bangkok,2024-11-01 22:09:24.549306,Occasional,13339.98
CUST000236,F,37,Chiang Mai,2024-05-23 22:09:24.549306,Premium,107711.71
CUST000237,M,27,Bangkok,2023-07-02 22:09:24.549306,Regular,46173.05
CUST000238,M,29,Bangkok,2023-07-07 22:09:24.549306,Regular,35893.08
CUST000239,F,31,Bangkok,2024-12-06 22:09:24.549306,Occasional,12721.93
CUST000240,M,40,Bangkok,2023-06-30 22:09:24.549306,Regular,30038.57
CUST000241,F,41,Hat Yai,2023-06-15 22:09:24.549306,Regular,41245.1
CUST000242,F,28,Pattaya,2025-11-05 22:09:24.549306,New,4608.69
CUST000243,F,34,Hat Yai,2025-12-28 22:09:24.549306,Premium,107212.3
CUST000244,M,60,Bangkok,2026-02-24 22:09:24.549306,New,1313.53
CUST000245,M,55,Bangkok,2024-01-21 22:09:24.549306,Occasional,6225.57
CUST000246,F,40,Pattaya,2023-06-29 22:09:24.549306,Occasional,5383.73
CUST000247,M,35,Bangkok,2026-01-08 22:09:24.549306,Regular,23640.0
CUST000248,F,36,Bangkok,2023-08-16 22:09:24.549306,Premium,80641.54
CUST000249,F,42,Bangkok,2024-03-19 22:09:24.549306,Occasional,9661.61
CUST000250,F,22,Bangkok,2023-07-23 22:09:24.549306,Occasional,10055.9
CUST000251,M,31,Bangkok,2023-07-22 22:09:24.549306,Occasional,8118.0
CUST000252,M,18,Bangkok,2024-06-28 22:09:24.549306,Premium,111542.08
CUST000253,F,39,Phuket,2025-06-08 22:09:24.549306,Occasional,3978.9
CUST000254,M,42,Bangkok,2023-11-05 22:09:24.549306,Occasional,4053.46
CUST000255,M,29,Bangkok,2024-07-21 22:09:24.549306,Occasional,5061.95
CUST000256,F,53,Khon Kaen,2023-05-25 22:09:24.549306,Occasional,9216.93
CUST000257,F,20,Bangkok,2023-08-19 22:09:24.549306,Occasional,5567.94
CUST000258,F,18,Bangkok,2025-07-10 22:09:24.549306,Occasional,6399.41
CUST000259,F,37,Khon Kaen,2026-02-07 22:09:24.549306,Premium,90031.28
CUST000260,M,47,Bangkok,2024-12-11 22:09:24.549306,Regular,43415.31
CUST000261,F,55,Bangkok,2024-08-20 22:09:24.549306,Premium,51386.21
CUST000262,F,29,Chiang Mai,2024-04-26 22:09:24.549306,Regular,37728.26
CUST000263,M,47,Bangkok,2024-12-07 22:09:24.549306,Regular,38410.68
CUST000264,F,34,Chiang Mai,2024-07-05 22:09:24.549306,Premium,129865.58
CUST000265,F,32,Khon Kaen,2024-08-29 22:09:24.549306,Regular,47646.35
CUST000266,F,45,Bangkok,2025-05-23 22:09:24.549306,Premium,52013.78
CUST000267,F,42,Chiang Mai,2023-11-28 22:09:24.549306,Occasional,4845.4
CUST000268,F,18,Chiang Mai,2024-11-08 22:09:24.549306,New,4487.77
CUST000269,M,52,Bangkok,2025-09-26 22:09:24.549306,Premium,95851.86
CUST000270,M,51,Phuket,2024-12-11 22:09:24.549306,New,3040.66
CUST000271,F,27,Bangkok,2023-07-31 22:09:24.549306,Occasional,10956.33
CUST000272,F,39,Chiang Mai,2023-03-24 22:09:24.549306,Regular,38767.33
CUST000273,F,40,Bangkok,2025-09-28 22:09:24.549306,Premium,143174.04
CUST000274,F,38,Chiang Mai,2023-09-25 22:09:24.549306,Occasional,14963.39
CUST000275,F,28,Bangkok,2023-08-02 22:09:24.549306,Occasional,11641.89
CUST000276,F,26,Khon Kaen,2024-05-14 22:09:24.549306,Occasional,6446.65
CUST000277,F,34,Bangkok,2026-01-04 22:09:24.549306,Premium,137975.24
CUST000278,F,49,Bangkok,2024-08-29 22:09:24.549306,Premium,54922.09
CUST000279,F,41,Chiang Mai,2023-12-01 22:09:24.549306,Regular,23087.83
CUST000280,F,30,Pattaya,2025-02-16 22:09:24.549306,Regular,46408.5
CUST000281,F,44,Chiang Mai,2023-07-23 22:09:24.549306,Regular,23966.7
CUST000282,M,18,Phuket,2024-07-17 22:09:24.549306,Regular,22722.79
CUST000283,M,48,Pattaya,2025-03-30 22:09:24.549306,Occasional,4657.5
CUST000284,M,18,Khon Kaen,2024-10-08 22:09:24.549306,New,4366.0
CUST000285,F,30,Bangkok,2024-01-22 22:09:24.549306,Regular,32502.04
CUST000286,M,21,Chiang Mai,2025-08-18 22:09:24.549306,New,3537.02
CUST000287,M,19,Khon Kaen,2024-11-13 22:09:24.549306,Regular,23367.32
CUST000288,F,48,Hat Yai,2026-02-20 22:09:24.549306,Regular,41531.41
CUST000289,M,29,Khon Kaen,2023-03-21 22:09:24.549306,Regular,41600.19
CUST000290,F,39,Bangkok,2024-11-07 22:09:24.549306,Occasional,6751.18
CUST000291,M,34,Bangkok,2023-10-03 22:09:24.549306,New,2348.07
CUST000292,M,40,Chiang Mai,2023-12-05 22:09:24.549306,Occasional,5516.28
CUST000293,F,35,Pattaya,2024-08-27 22:09:24.549306,Regular,49179.64
CUST000294,M,19,Chiang Mai,2023-10-27 22:09:24.549306,Occasional,10747.23
CUST000295,M,46,Chiang Mai,2023-10-10 22:09:24.549306,Premium,143454.39
CUST000296,F,29,Khon Kaen,2024-01-17 22:09:24.549306,New,1865.23
CUST000297,F,18,Bangkok,2024-09-12 22:09:24.549306,Occasional,12382.69
CUST000298,M,29,Khon Kaen,2024-10-02 22:09:24.549306,Regular,41805.05
CUST000299,F,53,Bangkok,2024-05-09 22:09:24.549306,Occasional,11299.87
CUST000300,M,45,Bangkok,2025-02-04 22:09:24.549306,Occasional,14587.67
CUST000301,M,30,Chiang Mai,2024-04-24 22:09:24.549306,Premium,89355.53
CUST000302,F,30,Pattaya,2024-08-26 22:09:24.549306,Occasional,4568.61
CUST000303,F,31,Bangkok,2026-01-03 22:09:24.549306,Regular,38509.81
CUST000304,F,59,Bangkok,2025-11-29 22:09:24.549306,Occasional,11751.72
CUST000305,F,39,Hat Yai,2024-07-31 22:09:24.549306,Occasional,9900.73
CUST000306,F,40,Bangkok,2023-06-17 22:09:24.549306,Occasional,5481.81
CUST000307,F,47,Chiang Mai,2023-09-10 22:09:24.549306,Occasional,9053.47
CUST000308,M,37,Chiang Mai,2025-07-19 22:09:24.549306,Occasional,6746.28
CUST000309,F,31,Chiang Mai,2024-09-21 22:09:24.549306,Premium,92746.65
CUST000310,M,32,Phuket,2023-06-03 22:09:24.549306,Occasional,10742.62
CUST000311,M,34,Bangkok,2023-03-12 22:09:24.549306,Regular,41082.52
CUST000312,M,34,Chiang Mai,2025-01-16 22:09:24.549306,Regular,23127.86
CUST000313,M,43,Bangkok,2023-11-27 22:09:24.549306,Regular,29186.39
CUST000314,F,35,Phuket,2024-08-22 22:09:24.549306,Premium,76916.16
CUST000315,F,43,Bangkok,2024-01-29 22:09:24.549306,Occasional,5383.58
CUST000316,F,34,Chiang Mai,2025-08-25 22:09:24.549306,Premium,128338.72
CUST000317,M,35,Bangkok,2025-07-27 22:09:24.549306,Occasional,13911.03
CUST000318,M,18,Bangkok,2023-03-24 22:09:24.549306,Regular,27958.13
CUST000319,M,45,Bangkok,2023-10-20 22:09:24.549306,Premium,125127.89
CUST000320,M,39,Bangkok,2023-08-06 22:09:24.549306,Occasional,13763.94
CUST000321,F,46,Khon Kaen,2024-01-04 22:09:24.549306,Premium,134612.42
CUST000322,F,18,Bangkok,2023-05-17 22:09:24.549306,Regular,21398.47
CUST000323,F,60,Hat Yai,2025-03-30 22:09:24.549306,Occasional,14475.5
CUST000324,M,33,Hat Yai,2024-01-02 22:09:24.549306,Premium,87667.64
CUST000325,F,48,Chiang Mai,2025-08-01 22:09:24.549306,Occasional,7070.89
CUST000326,F,22,Bangkok,2023-11-21 22:09:24.549306,Premium,56243.13
CUST000327,F,42,Bangkok,2023-05-29 22:09:24.549306,Regular,32016.08
CUST000328,F,22,Pattaya,2024-11-25 22:09:24.549306,Occasional,4308.16
CUST000329,M,27,Bangkok,2025-03-20 22:09:24.549306,Regular,23698.89
CUST000330,M,57,Bangkok,2023-05-25 22:09:24.549306,Premium,81694.26
CUST000331,M,32,Chiang Mai,2025-03-06 22:09:24.549306,Regular,43308.92
CUST000332,F,37,Khon Kaen,2024-05-08 22:09:24.549306,Regular,45642.1
CUST000333,M,45,Pattaya,2024-07-28 22:09:24.549306,Occasional,6629.6
CUST000334,M,40,Bangkok,2023-10-01 22:09:24.549306,Regular,45054.43
CUST000335,M,36,Phuket,2025-02-26 22:09:24.549306,Occasional,13286.77
CUST000336,M,39,Bangkok,2025-06-14 22:09:24.549306,New,3940.93
CUST000337,F,63,Bangkok,2024-01-15 22:09:24.549306,Regular,20134.33
CUST000338,F,34,Khon Kaen,2024-07-01 22:09:24.549306,New,3606.45
CUST000339,M,37,Bangkok,2024-01-31 22:09:24.549306,Regular,48075.84
CUST000340,M,47,Bangkok,2024-03-01 22:09:24.549306,New,3571.43
CUST000341,F,48,Bangkok,2025-06-26 22:09:24.549306,Premium,83161.68
CUST000342,M,49,Khon Kaen,2023-04-24 22:09:24.549306,Occasional,9006.95
CUST000343,M,42,Pattaya,2024-03-06 22:09:24.549306,Regular,37600.38
CUST000344,M,21,Phuket,2025-01-13 22:09:24.549306,Regular,32869.96
CUST000345,M,54,Pattaya,2025-06-25 22:09:24.549306,Occasional,4439.44
CUST000346,F,21,Bangkok,2024-07-25 22:09:24.549306,Occasional,6744.77
CUST000347,F,38,Chiang Mai,2024-09-01 22:09:24.549306,Premium,130239.6
CUST000348,M,25,Bangkok,2024-01-25 22:09:24.549306,Regular,45149.63
CUST000349,M,34,Bangkok,2023-10-12 22:09:24.549306,Occasional,4647.6
CUST000350,F,38,Chiang Mai,2025-04-26 22:09:24.549306,Occasional,14428.64
CUST000351,F,38,Hat Yai,2023-05-23 22:09:24.549306,New,1979.7
CUST000352,F,40,Bangkok,2025-10-23 22:09:24.549306,Occasional,10947.76
CUST000353,F,54,Bangkok,2024-06-02 22:09:24.549306,New,3883.21
CUST000354,M,40,Bangkok,2024-04-16 22:09:24.549306,Occasional,12743.35
CUST000355,M,32,Bangkok,2025-10-02 22:09:24.549306,Regular,48101.24
CUST000356,F,46,Hat Yai,2025-02-18 22:09:24.549306,Premium,81291.95
CUST000357,M,49,Chiang Mai,2024-11-19 22:09:24.549306,Occasional,13302.08
CUST000358,F,20,Chiang Mai,2024-06-13 22:09:24.549306,Occasional,4580.24
CUST000359,F,42,Pattaya,2024-06-03 22:09:24.549306,Premium,120504.09
CUST000360,F,43,Bangkok,2023-04-22 22:09:24.549306,Regular,40969.22
CUST000361,M,31,Chiang Mai,2024-04-03 22:09:24.549306,New,3549.75
CUST000362,F,51,Bangkok,2025-05-29 22:09:24.549306,Occasional,6027.78
CUST000363,M,33,Chiang Mai,2025-01-05 22:09:24.549306,Regular,45556.51
CUST000364,F,36,Hat Yai,2024-09-25 22:09:24.549306,Regular,20910.05
CUST000365,F,32,Pattaya,2023-07-25 22:09:24.549306,Regular,16877.22
CUST000366,M,35,Bangkok,2024-09-26 22:09:24.549306,Regular,40111.27
CUST000367,F,21,Khon Kaen,2025-02-21 22:09:24.549306,Regular,31641.65
CUST000368,F,18,Bangkok,2026-01-11 22:09:24.549306,Premium,134909.8
CUST000369,M,54,Bangkok,2025-05-31 22:09:24.549306,Occasional,7600.77
CUST000370,M,24,Bangkok,2025-01-11 22:09:24.549306,Regular,20889.75
CUST000371,M,23,Bangkok,2023-04-30 22:09:24.549306,Occasional,13037.31
CUST000372,M,18,Chiang Mai,2023-10-27 22:09:24.549306,New,2970.09
CUST000373,M,27,Phuket,2024-08-20 22:09:24.549306,Regular,21621.85
CUST000374,F,19,Hat Yai,2024-03-04 22:09:24.549306,Occasional,11644.61
CUST000375,M,54,Chiang Mai,2024-08-29 22:09:24.549306,Regular,32888.98
CUST000376,M,47,Chiang Mai,2023-05-22 22:09:24.549306,New,3219.41
CUST000377,F,26,Bangkok,2023-10-13 22:09:24.549306,Regular,31131.44
CUST000378,M,62,Bangkok,2025-08-10 22:09:24.549306,Occasional,12944.51
CUST000379,F,46,Chiang Mai,2025-02-09 22:09:24.549306,Occasional,12954.75
CUST000380,M,31,Bangkok,2024-12-06 22:09:24.549306,Regular,39828.61
CUST000381,M,18,Khon Kaen,2025-08-14 22:09:24.549306,Premium,60540.14
CUST000382,F,62,Bangkok,2026-01-15 22:09:24.549306,Occasional,13066.25
CUST000383,F,18,Bangkok,2023-10-27 22:09:24.549306,Occasional,11052.16
CUST000384,F,18,Bangkok,2025-05-01 22:09:24.549306,Regular,39395.85
CUST000385,F,47,Bangkok,2024-03-28 22:09:24.549306,Occasional,7355.79
CUST000386,F,64,Bangkok,2024-08-07 22:09:24.549306,Regular,45774.78
CUST000387,M,51,Pattaya,2023-06-03 22:09:24.549306,Occasional,11704.46
CUST000388,M,41,Bangkok,2025-08-14 22:09:24.549306,Regular,18940.67
CUST000389,F,42,Phuket,2023-03-08 22:09:24.549306,New,2335.0
CUST000390,F,45,Bangkok,2026-02-01 22:09:24.549306,Regular,46023.31
CUST000391,F,44,Bangkok,2024-04-11 22:09:24.549306,Regular,16651.88
CUST000392,M,38,Bangkok,2025-03-19 22:09:24.549306,Premium,146141.66
CUST000393,M,36,Khon Kaen,2025-08-04 22:09:24.549306,Premium,117916.26
CUST000394,F,34,Bangkok,2023-07-26 22:09:24.549306,Occasional,10576.51
CUST000395,M,25,Pattaya,2025-01-09 22:09:24.549306,Regular,24469.57
CUST000396,F,31,Bangkok,2024-12-06 22:09:24.549306,Occasional,5985.5
CUST000397,F,18,Pattaya,2023-11-15 22:09:24.549306,Premium,144205.82
CUST000398,M,33,Bangkok,2024-11-09 22:09:24.549306,Regular,25439.54
CUST000399,F,23,Phuket,2026-01-06 22:09:24.549306,Regular,42142.69
CUST000400,F,21,Chiang Mai,2024-11-27 22:09:24.549306,Premium,89312.18
CUST000401,M,37,Hat Yai,2025-06-18 22:09:24.549306,Premium,63925.41
CUST000402,F,51,Bangkok,2025-01-01 22:09:24.549306,Regular,15375.04
CUST000403,F,46,Bangkok,2025-06-06 22:09:24.549306,Regular,34049.01
CUST000404,F,18,Bangkok,2024-10-30 22:09:24.549306,Regular,49152.26
CUST000405,M,23,Khon Kaen,2023-11-20 22:09:24.549306,Occasional,7429.63
CUST000406,F,46,Chiang Mai,2024-03-31 22:09:24.549306,Occasional,7286.31
CUST000407,M,23,Pattaya,2025-07-13 22:09:24.549306,Premium,84409.16
CUST000408,M,32,Bangkok,2025-04-19 22:09:24.549306,Regular,33219.03
CUST000409,F,41,Bangkok,2024-02-24 22:09:24.549306,New,2482.99
CUST000410,M,23,Bangkok,2024-11-10 22:09:24.549306,Occasional,13558.98
CUST000411,M,36,Hat Yai,2025-06-13 22:09:24.549306,Occasional,9066.25
CUST000412,F,18,Phuket,2023-03-05 22:09:24.549306,Regular,32771.52
CUST000413,F,27,Hat Yai,2024-11-16 22:09:24.549306,Occasional,4660.46
CUST000414,F,38,Bangkok,2024-10-12 22:09:24.549306,Occasional,14792.87
CUST000415,F,18,Phuket,2024-05-08 22:09:24.549306,Occasional,5999.67
CUST000416,M,40,Phuket,2025-08-01 22:09:24.549306,New,830.14
CUST000417,M,34,Bangkok,2024-12-23 22:09:24.549306,Premium,116314.62
CUST000418,M,41,Khon Kaen,2025-10-12 22:09:24.549306,Premium,109536.64
CUST000419,F,37,Hat Yai,2025-08-25 22:09:24.549306,Occasional,7981.75
CUST000420,F,51,Khon Kaen,2025-08-26 22:09:24.549306,Occasional,8066.31
CUST000421,F,36,Pattaya,2024-05-15 22:09:24.549306,Premium,128506.39
CUST000422,F,29,Bangkok,2026-01-14 22:09:24.549306,Regular,21849.94
CUST000423,M,36,Bangkok,2025-10-29 22:09:24.549306,Premium,132025.33
CUST000424,F,41,Hat Yai,2024-02-15 22:09:24.549306,Regular,37706.15
CUST000425,M,35,Bangkok,2023-08-25 22:09:24.549306,Occasional,8027.64
CUST000426,F,35,Pattaya,2024-10-06 22:09:24.549306,Occasional,8496.34
CUST000427,M,26,Pattaya,2026-01-23 22:09:24.549306,Regular,23982.65
CUST000428,F,27,Phuket,2025-01-19 22:09:24.549306,Regular,41324.0
CUST000429,M,18,Hat Yai,2023-09-12 22:09:24.549306,Premium,101287.47
CUST000430,M,55,Bangkok,2024-06-28 22:09:24.549306,Regular,26229.91
CUST000431,M,20,Bangkok,2024-11-29 22:09:24.549306,Occasional,10152.6
CUST000432,F,26,Bangkok,2024-06-07 22:09:24.549306,New,4980.81
CUST000433,F,26,Bangkok,2024-04-15 22:09:24.549306,Occasional,8223.15
CUST000434,M,45,Bangkok,2023-12-31 22:09:24.549306,Premium,142069.14
CUST000435,M,31,Bangkok,2023-04-24 22:09:24.549306,New,2052.58
CUST000436,F,49,Khon Kaen,2023-06-07 22:09:24.549306,Occasional,3656.79
CUST000437,M,26,Hat Yai,2024-07-18 22:09:24.549306,Occasional,5450.91
CUST000438,F,38,Bangkok,2025-11-02 22:09:24.549306,Regular,29654.33
CUST000439,F,24,Bangkok,2023-08-01 22:09:24.549306,Regular,22687.22
CUST000440,M,60,Hat Yai,2025-09-22 22:09:24.549306,Regular,15007.95
CUST000441,M,20,Bangkok,2025-06-30 22:09:24.549306,Premium,141500.15
CUST000442,F,38,Bangkok,2024-04-06 22:09:24.549306,Regular,44535.78
CUST000443,M,42,Bangkok,2025-04-29 22:09:24.549306,Regular,40980.23
CUST000444,M,39,Chiang Mai,2025-12-11 22:09:24.549306,Regular,20873.51
CUST000445,F,32,Bangkok,2025-05-31 22:09:24.549306,Occasional,4444.36
CUST000446,F,33,Hat Yai,2024-07-16 22:09:24.549306,Regular,17366.17
CUST000447,F,35,Bangkok,2024-01-01 22:09:24.549306,Premium,122402.92
CUST000448,F,33,Chiang Mai,2023-03-16 22:09:24.549306,New,4679.64
CUST000449,M,46,Bangkok,2023-10-09 22:09:24.549306,New,2437.41
CUST000450,M,61,Chiang Mai,2025-07-22 22:09:24.549306,Occasional,4429.69
CUST000451,F,28,Phuket,2024-05-26 22:09:24.549306,New,2805.77
CUST000452,F,18,Pattaya,2024-02-28 22:09:24.549306,Occasional,7185.98
CUST000453,M,33,Pattaya,2026-01-28 22:09:24.549306,New,2186.71
CUST000454,F,65,Chiang Mai,2025-10-11 22:09:24.549306,Premium,112133.06
CUST000455,M,25,Hat Yai,2023-06-15 22:09:24.549306,Regular,40155.13
CUST000456,F,54,Khon Kaen,2024-07-27 22:09:24.549306,Regular,18871.13
CUST000457,M,55,Pattaya,2023-11-08 22:09:24.549306,Regular,16245.66
CUST000458,M,28,Bangkok,2025-09-24 22:09:24.549306,Premium,149433.03
CUST000459,M,41,Bangkok,2023-12-03 22:09:24.549306,Occasional,5792.74
CUST000460,M,54,Bangkok,2025-10-11 22:09:24.549306,Occasional,3645.97
CUST000461,M,30,Phuket,2026-02-24 22:09:24.549306,Occasional,5278.5
CUST000462,F,32,Bangkok,2024-12-13 22:09:24.549306,Premium,53895.78
CUST000463,F,28,Bangkok,2025-08-27 22:09:24.549306,Occasional,7701.73
CUST000464,F,22,Khon Kaen,2026-01-01 22:09:24.549306,Occasional,12628.82
CUST000465,F,27,Khon Kaen,2025-07-25 22:09:24.549306,Regular,26943.56
CUST000466,M,20,Hat Yai,2025-09-03 22:09:24.549306,Occasional,8330.2
CUST000467,M,35,Bangkok,2024-01-24 22:09:24.549306,Regular,38645.54
CUST000468,F,25,Phuket,2025-11-01 22:09:24.549306,Regular,32811.29
CUST000469,M,37,Bangkok,2025-09-11 22:09:24.549306,New,4376.51
CUST000470,F,18,Bangkok,2024-08-16 22:09:24.549306,Regular,45311.25
CUST000471,M,38,Bangkok,2024-07-23 22:09:24.549306,Regular,15346.87
CUST000472,F,45,Bangkok,2024-09-22 22:09:24.549306,New,4001.21
CUST000473,M,18,Bangkok,2026-02-04 22:09:24.549306,Occasional,8528.8
CUST000474,F,39,Khon Kaen,2025-11-21 22:09:24.549306,Premium,148884.05
CUST000475,F,49,Bangkok,2024-07-06 22:09:24.549306,Premium,98323.21
CUST000476,F,20,Pattaya,2024-09-17 22:09:24.549306,Premium,148689.59
CUST000477,M,55,Chiang Mai,2025-08-21 22:09:24.549306,Occasional,12054.83
CUST000478,F,40,Bangkok,2023-08-10 22:09:24.549306,Regular,23701.17
CUST000479,F,26,Chiang Mai,2024-10-10 22:09:24.549306,Premium,103839.5
CUST000480,F,34,Bangkok,2024-06-27 22:09:24.549306,New,4964.61
CUST000481,F,41,Chiang Mai,2024-09-11 22:09:24.549306,Occasional,13290.37
CUST000482,F,35,Bangkok,2025-01-20 22:09:24.549306,Regular,18407.84
CUST000483,M,41,Bangkok,2024-12-18 22:09:24.549306,Occasional,11476.46
CUST000484,F,23,Bangkok,2023-08-17 22:09:24.549306,Occasional,7146.96
CUST000485,F,37,Chiang Mai,2023-12-13 22:09:24.549306,Premium,50698.23
CUST000486,F,18,Hat Yai,2024-01-07 22:09:24.549306,Regular,29121.83
CUST000487,M,33,Bangkok,2024-06-20 22:09:24.549306,Occasional,5817.05
CUST000488,M,24,Pattaya,2025-04-27 22:09:24.549306,Regular,43660.42
CUST000489,F,26,Phuket,2024-01-11 22:09:24.549306,Occasional,7047.97
CUST000490,F,49,Hat Yai,2024-05-16 22:09:24.549306,Regular,43963.33
CUST000491,M,48,Khon Kaen,2023-07-14 22:09:24.549306,Premium,50059.79
CUST000492,F,42,Chiang Mai,2025-07-01 22:09:24.549306,Regular,25773.67
CUST000493,M,21,Phuket,2025-06-16 22:09:24.549306,Regular,23440.78
CUST000494,M,31,Khon Kaen,2025-01-10 22:09:24.549306,Regular,23174.86
CUST000495,M,49,Bangkok,2025-10-14 22:09:24.549306,Premium,56818.66
CUST000496,M,36,Bangkok,2025-07-03 22:09:24.549306,Occasional,5245.49
CUST000497,F,62,Bangkok,2023-07-10 22:09:24.549306,New,2999.97
CUST000498,M,39,Khon Kaen,2024-05-01 22:09:24.549306,Occasional,6496.33
CUST000499,F,37,Khon Kaen,2025-07-12 22:09:24.549306,New,2378.28
CUST000500,F,31,Bangkok,2025-05-10 22:09:24.549306,Regular,28190.34
CUST000501,F,36,Chiang Mai,2023-04-14 22:09:24.549306,New,4441.57
CUST000502,F,33,Chiang Mai,2025-04-22 22:09:24.549306,Regular,46685.46
CUST000503,M,43,Bangkok,2025-11-05 22:09:24.549306,New,2718.31
CUST000504,F,46,Hat Yai,2023-03-17 22:09:24.549306,New,1985.7
CUST000505,F,25,Bangkok,2025-02-22 22:09:24.549306,Occasional,4281.61
CUST000506,M,19,Bangkok,2024-11-05 22:09:24.549306,New,4790.31
CUST000507,F,18,Chiang Mai,2025-05-11 22:09:24.549306,Occasional,3722.72
CUST000508,F,41,Pattaya,2025-07-10 22:09:24.549306,Regular,25417.76
CUST000509,F,21,Bangkok,2024-05-29 22:09:24.549306,Regular,25432.32
CUST000510,F,18,Phuket,2025-11-28 22:09:24.549306,Occasional,6844.82
CUST000511,F,39,Chiang Mai,2024-05-27 22:09:24.549306,Premium,66428.68
CUST000512,M,64,Bangkok,2024-09-13 22:09:24.549306,Occasional,12397.94
CUST000513,F,34,Bangkok,2025-08-13 22:09:24.549306,New,1051.24
CUST000514,F,45,Chiang Mai,2025-11-23 22:09:24.549306,Regular,37221.73
CUST000515,M,35,Bangkok,2023-05-03 22:09:24.549306,Occasional,4486.15
CUST000516,M,33,Hat Yai,2025-05-09 22:09:24.549306,New,817.41
CUST000517,M,46,Khon Kaen,2025-01-21 22:09:24.549306,New,4592.43
CUST000518,F,31,Hat Yai,2025-06-10 22:09:24.549306,New,1355.58
CUST000519,F,38,Bangkok,2024-02-06 22:09:24.549306,Occasional,12855.0
CUST000520,M,38,Hat Yai,2025-10-17 22:09:24.549306,New,2950.84
CUST000521,F,26,Bangkok,2023-11-21 22:09:24.549306,Occasional,3934.28
CUST000522,M,46,Bangkok,2026-03-02 22:09:24.549306,Regular,48440.69
CUST000523,F,32,Bangkok,2023-04-29 22:09:24.549306,Regular,23643.64
CUST000524,F,25,Bangkok,2025-05-19 22:09:24.549306,Occasional,13315.74
CUST000525,F,41,Phuket,2023-04-29 22:09:24.549306,Regular,20908.35
CUST000526,M,24,Chiang Mai,2023-08-23 22:09:24.549306,Occasional,13247.31
CUST000527,M,35,Bangkok,2025-07-29 22:09:24.549306,Occasional,3158.75
CUST000528,M,34,Phuket,2023-12-07 22:09:24.549306,Regular,32912.32
CUST000529,M,48,Bangkok,2025-10-05 22:09:24.549306,Occasional,12233.31
CUST000530,F,40,Chiang Mai,2024-03-11 22:09:24.549306,Occasional,14217.55
CUST000531,F,34,Bangkok,2023-06-15 22:09:24.549306,Regular,46822.07
CUST000532,F,44,Khon Kaen,2024-08-18 22:09:24.549306,Premium,131962.49
CUST000533,F,51,Khon Kaen,2025-04-19 22:09:24.549306,Premium,138819.13
CUST000534,F,41,Chiang Mai,2025-01-03 22:09:24.549306,Regular,21972.69
CUST000535,F,35,Bangkok,2024-05-11 22:09:24.549306,New,1778.83
CUST000536,F,19,Bangkok,2025-09-21 22:09:24.549306,Regular,25113.9
CUST000537,F,22,Khon Kaen,2025-01-02 22:09:24.549306,Occasional,7524.65
CUST000538,M,31,Bangkok,2025-01-24 22:09:24.549306,Regular,28766.22
CUST000539,M,27,Bangkok,2025-04-19 22:09:24.549306,Regular,34059.44
CUST000540,M,32,Bangkok,2024-09-24 22:09:24.549306,Occasional,4918.56
CUST000541,F,35,Chiang Mai,2025-07-15 22:09:24.549306,Occasional,11294.96
CUST000542,F,41,Chiang Mai,2024-08-02 22:09:24.549306,Premium,66756.65
CUST000543,M,34,Khon Kaen,2023-08-19 22:09:24.549306,Regular,25860.8
CUST000544,F,40,Bangkok,2025-10-23 22:09:24.549306,Premium,100334.51
CUST000545,F,35,Bangkok,2023-04-13 22:09:24.549306,Regular,42875.42
CUST000546,M,18,Khon Kaen,2023-06-19 22:09:24.549306,Occasional,11873.63
CUST000547,M,23,Khon Kaen,2025-02-18 22:09:24.549306,Premium,114553.44
CUST000548,F,33,Bangkok,2024-06-06 22:09:24.549306,Regular,20452.06
CUST000549,F,20,Chiang Mai,2023-07-23 22:09:24.549306,Regular,34146.59
CUST000550,F,42,Bangkok,2023-05-26 22:09:24.549306,New,893.51
CUST000551,F,53,Hat Yai,2023-05-07 22:09:24.549306,New,2198.13
CUST000552,F,49,Bangkok,2024-07-23 22:09:24.549306,Premium,91351.65
CUST000553,F,32,Hat Yai,2024-04-16 22:09:24.549306,Occasional,3477.74
CUST000554,F,52,Phuket,2023-04-15 22:09:24.549306,Regular,24589.58
CUST000555,F,36,Chiang Mai,2024-01-11 22:09:24.549306,Regular,48447.73
CUST000556,M,30,Bangkok,2024-07-05 22:09:24.549306,Occasional,14443.59
CUST000557,M,27,Chiang Mai,2023-11-18 22:09:24.549306,New,2085.47
CUST000558,M,31,Bangkok,2025-10-29 22:09:24.549306,New,693.95
CUST000559,F,30,Bangkok,2023-10-25 22:09:24.549306,Occasional,5149.14
CUST000560,F,37,Phuket,2024-05-24 22:09:24.549306,Regular,28727.62
CUST000561,F,36,Hat Yai,2025-10-12 22:09:24.549306,Occasional,14373.36
CUST000562,M,35,Chiang Mai,2024-08-10 22:09:24.549306,Regular,19941.97
CUST000563,M,40,Pattaya,2025-03-29 22:09:24.549306,Occasional,12162.19
CUST000564,M,49,Bangkok,2024-02-11 22:09:24.549306,Regular,18803.89
CUST000565,M,46,Bangkok,2023-10-25 22:09:24.549306,Occasional,14775.09
CUST000566,F,18,Bangkok,2024-02-03 22:09:24.549306,Regular,28356.58
CUST000567,M,18,Phuket,2024-12-01 22:09:24.549306,Regular,42133.21
CUST000568,M,46,Hat Yai,2023-10-12 22:09:24.549306,New,2041.66
CUST000569,F,18,Phuket,2023-04-26 22:09:24.549306,Premium,112766.89
CUST000570,M,32,Bangkok,2024-12-02 22:09:24.549306,Occasional,5304.19
CUST000571,F,20,Bangkok,2025-04-11 22:09:24.549306,Regular,20110.74
CUST000572,F,18,Chiang Mai,2025-05-25 22:09:24.549306,Premium,143806.41
CUST000573,M,41,Bangkok,2024-04-14 22:09:24.549306,Premium,141764.73
CUST000574,F,44,Khon Kaen,2023-08-07 22:09:24.549306,Regular,46061.41
CUST000575,F,28,Khon Kaen,2024-07-14 22:09:24.549306,New,3314.45
CUST000576,F,18,Phuket,2023-09-29 22:09:24.549306,Regular,43289.39
CUST000577,M,28,Bangkok,2024-11-11 22:09:24.549306,New,810.67
CUST000578,F,39,Bangkok,2023-11-07 22:09:24.549306,Occasional,7017.47
CUST000579,F,18,Bangkok,2023-05-28 22:09:24.549306,Regular,25979.61
CUST000580,M,37,Bangkok,2025-02-13 22:09:24.549306,Occasional,10627.74
CUST000581,M,34,Bangkok,2026-02-28 22:09:24.549306,Occasional,7271.49
CUST000582,F,41,Phuket,2025-07-29 22:09:24.549306,Occasional,4782.08
CUST000583,F,36,Phuket,2025-04-01 22:09:24.549306,Regular,35876.35
CUST000584,M,23,Bangkok,2023-07-24 22:09:24.549306,Regular,43503.44
CUST000585,F,49,Bangkok,2026-01-04 22:09:24.549306,New,2219.56
CUST000586,M,33,Bangkok,2025-01-31 22:09:24.549306,New,1095.21
CUST000587,M,34,Bangkok,2023-03-30 22:09:24.549306,New,1385.1
CUST000588,M,23,Khon Kaen,2025-07-12 22:09:24.549306,Regular,23311.92
CUST000589,M,29,Bangkok,2025-12-02 22:09:24.549306,Occasional,6598.77
CUST000590,M,24,Bangkok,2023-10-07 22:09:24.549306,Regular,37497.83
CUST000591,M,32,Bangkok,2025-08-08 22:09:24.549306,Regular,36033.09
CUST000592,F,55,Khon Kaen,2025-03-15 22:09:24.549306,Regular,39362.8
CUST000593,M,18,Chiang Mai,2025-10-01 22:09:24.549306,Occasional,7350.02
CUST000594,M,18,Bangkok,2024-01-12 22:09:24.549306,Regular,43839.92
CUST000595,F,52,Chiang Mai,2025-08-12 22:09:24.549306,Regular,22143.07
CUST000596,M,32,Pattaya,2024-02-28 22:09:24.549306,New,2610.68
CUST000597,F,26,Hat Yai,2026-02-05 22:09:24.549306,Regular,43032.86
CUST000598,M,47,Bangkok,2024-09-08 22:09:24.549306,Premium,68015.86
CUST000599,M,27,Khon Kaen,2025-11-19 22:09:24.549306,Premium,60986.31
CUST000600,M,56,Hat Yai,2025-10-12 22:09:24.549306,New,4476.58
CUST000601,M,43,Hat Yai,2025-08-13 22:09:24.549306,Occasional,7115.16
CUST000602,M,29,Phuket,2024-09-04 22:09:24.549306,Regular,38935.45
CUST000603,M,60,Phuket,2024-12-24 22:09:24.549306,Occasional,3304.18
CUST000604,M,27,Bangkok,2024-07-19 22:09:24.549306,Occasional,11280.56
CUST000605,M,43,Pattaya,2023-08-29 22:09:24.549306,Regular,26063.55
CUST000606,M,38,Chiang Mai,2024-09-26 22:09:24.549306,Occasional,3668.89
CUST000607,M,50,Phuket,2025-09-13 22:09:24.549306,Occasional,10317.75
CUST000608,M,53,Bangkok,2024-07-16 22:09:24.549306,Occasional,5889.65
CUST000609,F,35,Pattaya,2025-10-11 22:09:24.549306,Regular,28538.25
CUST000610,F,25,Khon Kaen,2025-04-19 22:09:24.549306,New,862.61
CUST000611,M,40,Bangkok,2025-01-21 22:09:24.549306,Occasional,4765.96
CUST000612,F,26,Khon Kaen,2023-05-02 22:09:24.549306,Regular,25429.2
CUST000613,F,59,Chiang Mai,2025-12-11 22:09:24.549306,Regular,18141.58
CUST000614,M,36,Khon Kaen,2024-12-29 22:09:24.549306,Premium,141082.63
CUST000615,F,30,Bangkok,2024-03-11 22:09:24.549306,Premium,50604.7
CUST000616,F,37,Bangkok,2025-11-27 22:09:24.549306,Occasional,8806.32
CUST000617,M,18,Hat Yai,2024-05-12 22:09:24.549306,Premium,62324.75
CUST000618,M,23,Bangkok,2025-02-28 22:09:24.549306,Regular,25768.77
CUST000619,F,49,Khon Kaen,2024-08-15 22:09:24.549306,Occasional,14112.71
CUST000620,F,27,Chiang Mai,2025-01-30 22:09:24.549306,Premium,66169.46
CUST000621,M,22,Chiang Mai,2024-09-27 22:09:24.549306,New,4846.25
CUST000622,M,41,Bangkok,2024-09-20 22:09:24.549306,Regular,22202.8
CUST000623,M,49,Chiang Mai,2023-03-25 22:09:24.549306,Regular,40954.81
CUST000624,F,43,Bangkok,2026-01-26 22:09:24.549306,Regular,34133.7
CUST000625,F,46,Bangkok,2024-03-30 22:09:24.549306,Regular,45956.76
CUST000626,M,25,Bangkok,2023-08-27 22:09:24.549306,Premium,105399.33
CUST000627,M,18,Bangkok,2024-07-11 22:09:24.549306,Occasional,9414.71
CUST000628,F,53,Hat Yai,2025-06-14 22:09:24.549306,New,1379.56
CUST000629,M,31,Hat Yai,2025-11-29 22:09:24.549306,Regular,20818.03
CUST000630,M,31,Bangkok,2024-07-09 22:09:24.549306,Occasional,13997.87
CUST000631,F,50,Pattaya,2025-11-04 22:09:24.549306,Occasional,6934.06
CUST000632,F,41,Bangkok,2025-12-04 22:09:24.549306,Occasional,7464.99
CUST000633,F,40,Phuket,2025-09-07 22:09:24.549306,Regular,41593.83
CUST000634,F,60,Khon Kaen,2023-04-09 22:09:24.549306,Regular,26858.82
CUST000635,M,27,Hat Yai,2023-09-11 22:09:24.549306,Regular,48322.19
CUST000636,M,46,Bangkok,2024-10-27 22:09:24.549306,Occasional,11855.13
CUST000637,F,35,Pattaya,2024-05-31 22:09:24.549306,Occasional,10169.15
CUST000638,M,38,Bangkok,2025-06-10 22:09:24.549306,Regular,45831.33
CUST000639,M,53,Hat Yai,2024-07-15 22:09:24.549306,Regular,16736.21
CUST000640,M,41,Bangkok,2024-11-21 22:09:24.549306,New,1656.78
CUST000641,M,41,Phuket,2025-03-29 22:09:24.549306,Occasional,8580.44
CUST000642,M,47,Phuket,2025-10-29 22:09:24.549306,New,1521.4
CUST000643,M,30,Phuket,2026-02-24 22:09:24.549306,Occasional,11926.86
CUST000644,M,24,Bangkok,2025-02-06 22:09:24.549306,Regular,47172.28
CUST000645,M,22,Hat Yai,2025-07-23 22:09:24.549306,Occasional,8085.24
CUST000646,F,18,Bangkok,2025-01-10 22:09:24.549306,Occasional,7105.59
CUST000647,F,59,Phuket,2025-02-22 22:09:24.549306,Premium,146155.07
CUST000648,F,21,Bangkok,2025-09-19 22:09:24.549306,Occasional,8338.23
CUST000649,F,32,Bangkok,2024-09-09 22:09:24.549306,Occasional,8868.58
CUST000650,F,31,Chiang Mai,2024-11-21 22:09:24.549306,Regular,27307.75
CUST000651,M,38,Bangkok,2024-07-31 22:09:24.549306,Occasional,13914.58
CUST000652,F,44,Bangkok,2024-06-19 22:09:24.549306,Occasional,9827.47
CUST000653,F,45,Bangkok,2023-11-07 22:09:24.549306,New,3929.79
CUST000654,F,28,Bangkok,2024-04-02 22:09:24.549306,Premium,131180.67
CUST000655,M,32,Pattaya,2024-12-10 22:09:24.549306,Regular,26964.72
CUST000656,M,38,Khon Kaen,2023-11-04 22:09:24.549306,Occasional,8204.33
CUST000657,M,32,Bangkok,2024-03-18 22:09:24.549306,Regular,44696.51
CUST000658,M,54,Bangkok,2024-03-31 22:09:24.549306,Occasional,7359.06
CUST000659,F,40,Bangkok,2024-05-21 22:09:24.549306,Occasional,12527.22
CUST000660,F,43,Bangkok,2025-11-20 22:09:24.549306,Premium,144099.23
CUST000661,M,42,Phuket,2024-09-21 22:09:24.549306,Occasional,10478.52
CUST000662,F,49,Phuket,2026-02-11 22:09:24.549306,Occasional,11899.53
CUST000663,F,37,Bangkok,2024-10-04 22:09:24.549306,Regular,43178.41
CUST000664,M,19,Bangkok,2023-09-26 22:09:24.549306,New,4302.68
CUST000665,M,39,Bangkok,2024-04-05 22:09:24.549306,Occasional,7740.64
CUST000666,M,27,Khon Kaen,2024-10-31 22:09:24.549306,Occasional,3615.16
CUST000667,M,28,Hat Yai,2024-06-12 22:09:24.549306,Occasional,7822.52
CUST000668,M,42,Bangkok,2025-03-13 22:09:24.549306,Regular,38581.47
CUST000669,M,49,Bangkok,2024-03-06 22:09:24.549306,New,2526.58
CUST000670,M,35,Khon Kaen,2024-11-13 22:09:24.549306,Occasional,11987.56
CUST000671,M,38,Hat Yai,2023-04-02 22:09:24.549306,Occasional,7283.79
CUST000672,F,55,Bangkok,2026-03-02 22:09:24.549306,New,3356.35
CUST000673,M,37,Bangkok,2023-11-19 22:09:24.549306,Regular,21524.69
CUST000674,F,66,Bangkok,2024-09-16 22:09:24.549306,Occasional,11992.43
CUST000675,M,41,Chiang Mai,2023-06-06 22:09:24.549306,Regular,34099.36
CUST000676,F,18,Bangkok,2023-06-24 22:09:24.549306,Regular,22142.25
CUST000677,M,44,Bangkok,2024-10-23 22:09:24.549306,Regular,25216.89
CUST000678,M,39,Chiang Mai,2023-11-18 22:09:24.549306,New,3868.74
CUST000679,F,50,Bangkok,2025-12-04 22:09:24.549306,New,2671.71
CUST000680,F,43,Pattaya,2023-10-01 22:09:24.549306,Occasional,5592.38
CUST000681,F,33,Bangkok,2023-03-30 22:09:24.549306,Occasional,14607.25
CUST000682,M,20,Bangkok,2024-10-07 22:09:24.549306,Occasional,11581.5
CUST000683,M,32,Chiang Mai,2025-10-21 22:09:24.549306,New,4807.11
CUST000684,F,24,Bangkok,2025-11-09 22:09:24.549306,Regular,29948.68
CUST000685,F,28,Hat Yai,2025-08-23 22:09:24.549306,Regular,31628.51
CUST000686,F,42,Chiang Mai,2025-01-30 22:09:24.549306,Regular,46428.43
CUST000687,F,55,Bangkok,2024-03-16 22:09:24.549306,Occasional,9300.59
CUST000688,M,39,Pattaya,2023-06-18 22:09:24.549306,Occasional,11487.35
CUST000689,F,20,Bangkok,2024-08-03 22:09:24.549306,Regular,23826.05
CUST000690,M,40,Hat Yai,2025-11-07 22:09:24.549306,Premium,94672.65
CUST000691,M,49,Bangkok,2023-10-24 22:09:24.549306,Occasional,4481.4
CUST000692,M,27,Chiang Mai,2023-07-16 22:09:24.549306,Premium,70598.0
CUST000693,F,33,Bangkok,2025-06-02 22:09:24.549306,Occasional,3011.32
CUST000694,M,35,Bangkok,2025-12-06 22:09:24.549306,New,676.69
CUST000695,M,25,Khon Kaen,2023-08-03 22:09:24.549306,Regular,49204.93
CUST000696,F,42,Khon Kaen,2023-06-22 22:09:24.549306,Regular,23482.38
CUST000697,M,33,Bangkok,2024-01-09 22:09:24.549306,Occasional,10959.73
CUST000698,F,40,Bangkok,2024-01-04 22:09:24.549306,Occasional,13069.2
CUST000699,M,24,Khon Kaen,2024-11-16 22:09:24.549306,Occasional,9607.93
CUST000700,F,29,Hat Yai,2023-08-26 22:09:24.549306,New,1189.15
CUST000701,F,43,Bangkok,2024-07-25 22:09:24.549306,Premium,122811.64
CUST000702,M,30,Chiang Mai,2023-11-02 22:09:24.549306,Occasional,10203.02
CUST000703,M,55,Bangkok,2025-07-04 22:09:24.549306,Occasional,11775.01
CUST000704,M,30,Khon Kaen,2024-06-09 22:09:24.549306,New,3963.86
CUST000705,M,37,Bangkok,2026-02-07 22:09:24.549306,Regular,49139.36
CUST000706,F,46,Bangkok,2025-04-22 22:09:24.549306,Occasional,9882.76
CUST000707,M,18,Pattaya,2025-09-12 22:09:24.549306,Occasional,7099.69
CUST000708,F,18,Bangkok,2025-08-27 22:09:24.549306,Regular,37696.26
CUST000709,M,18,Chiang Mai,2024-11-02 22:09:24.549306,Premium,56844.07
CUST000710,F,50,Bangkok,2025-07-30 22:09:24.549306,New,4538.29
CUST000711,F,28,Bangkok,2024-11-19 22:09:24.549306,Regular,19178.34
CUST000712,F,65,Bangkok,2023-07-06 22:09:24.549306,Regular,26474.5
CUST000713,M,28,Chiang Mai,2023-09-24 22:09:24.549306,Regular,43551.09
CUST000714,M,37,Bangkok,2024-05-03 22:09:24.549306,New,3187.91
CUST000715,M,53,Chiang Mai,2024-05-10 22:09:24.549306,Occasional,7723.63
CUST000716,F,59,Khon Kaen,2024-08-27 22:09:24.549306,Occasional,8681.23
CUST000717,F,59,Pattaya,2023-08-18 22:09:24.549306,Regular,44909.16
CUST000718,F,49,Bangkok,2024-01-20 22:09:24.549306,Occasional,7080.05
CUST000719,M,47,Bangkok,2024-07-08 22:09:24.549306,Occasional,13435.8
CUST000720,F,42,Bangkok,2024-02-23 22:09:24.549306,Occasional,4057.61
CUST000721,F,44,Bangkok,2023-08-05 22:09:24.549306,New,3995.59
CUST000722,M,28,Bangkok,2024-01-19 22:09:24.549306,Premium,134754.76
CUST000723,M,25,Phuket,2023-03-10 22:09:24.549306,Occasional,5181.81
CUST000724,F,34,Bangkok,2025-06-18 22:09:24.549306,Premium,93034.65
CUST000725,F,32,Bangkok,2025-09-12 22:09:24.549306,Occasional,4986.0
CUST000726,F,29,Bangkok,2025-10-22 22:09:24.549306,Regular,39731.14
CUST000727,M,43,Phuket,2024-10-21 22:09:24.549306,Regular,33737.17
CUST000728,F,46,Bangkok,2023-05-10 22:09:24.549306,Regular,37236.32
CUST000729,M,36,Phuket,2024-06-21 22:09:24.549306,Occasional,5357.84
CUST000730,M,52,Bangkok,2024-10-15 22:09:24.549306,Regular,22411.11
CUST000731,M,21,Khon Kaen,2024-10-04 22:09:24.549306,Occasional,3497.97
CUST000732,F,32,Khon Kaen,2025-09-19 22:09:24.549306,Regular,26272.36
CUST000733,F,26,Bangkok,2023-07-28 22:09:24.549306,Premium,105974.47
CUST000734,F,18,Bangkok,2024-06-25 22:09:24.549306,Occasional,13295.22
CUST000735,M,34,Bangkok,2024-08-27 22:09:24.549306,Regular,38342.46
CUST000736,F,33,Bangkok,2024-04-13 22:09:24.549306,Regular,30238.87
CUST000737,M,53,Phuket,2025-07-22 22:09:24.549306,Occasional,14437.44
CUST000738,F,42,Khon Kaen,2023-10-26 22:09:24.549306,Regular,40173.58
CUST000739,M,22,Phuket,2024-06-07 22:09:24.549306,Premium,143016.52
CUST000740,M,57,Khon Kaen,2024-01-04 22:09:24.549306,Regular,33465.58
CUST000741,M,49,Bangkok,2024-08-30 22:09:24.549306,New,1665.07
CUST000742,M,41,Bangkok,2023-12-21 22:09:24.549306,Occasional,3633.92
CUST000743,F,32,Pattaya,2023-07-29 22:09:24.549306,Occasional,11713.02
CUST000744,F,23,Bangkok,2023-07-05 22:09:24.549306,Occasional,4455.64
CUST000745,M,30,Phuket,2024-02-07 22:09:24.549306,Regular,25597.13
CUST000746,F,48,Bangkok,2024-11-23 22:09:24.549306,Regular,33636.48
CUST000747,M,57,Bangkok,2024-10-16 22:09:24.549306,Occasional,9773.0
CUST000748,F,53,Hat Yai,2025-08-20 22:09:24.549306,Premium,110058.32
CUST000749,F,29,Bangkok,2023-11-14 22:09:24.549306,Regular,20818.94
CUST000750,F,21,Hat Yai,2025-10-19 22:09:24.549306,Regular,28290.81
CUST000751,M,36,Hat Yai,2024-11-16 22:09:24.549306,Regular,36601.8
CUST000752,F,18,Pattaya,2025-06-06 22:09:24.549306,New,4864.18
CUST000753,F,38,Phuket,2024-09-12 22:09:24.549306,Premium,122763.11
CUST000754,M,33,Chiang Mai,2025-12-23 22:09:24.549306,Occasional,14071.25
CUST000755,M,29,Khon Kaen,2025-12-10 22:09:24.549306,Regular,41677.42
CUST000756,F,18,Bangkok,2025-08-17 22:09:24.549306,New,3162.73
CUST000757,F,41,Chiang Mai,2023-08-16 22:09:24.549306,Premium,69202.34
CUST000758,F,28,Phuket,2023-05-25 22:09:24.549306,Regular,38334.0
CUST000759,F,20,Bangkok,2025-08-05 22:09:24.549306,Occasional,10480.55
CUST000760,F,18,Bangkok,2024-12-24 22:09:24.549306,Occasional,10229.63
CUST000761,M,34,Bangkok,2024-07-29 22:09:24.549306,Regular,32142.51
CUST000762,M,56,Chiang Mai,2023-04-26 22:09:24.549306,Regular,33502.98
CUST000763,M,54,Khon Kaen,2023-09-08 22:09:24.549306,Regular,26705.49
CUST000764,F,29,Bangkok,2024-06-15 22:09:24.549306,Regular,33175.94
CUST000765,M,27,Hat Yai,2023-04-16 22:09:24.549306,Regular,21914.46
CUST000766,F,40,Phuket,2024-09-06 22:09:24.549306,Regular,43181.1
CUST000767,F,23,Khon Kaen,2023-05-26 22:09:24.549306,Regular,21502.19
CUST000768,F,38,Chiang Mai,2024-02-26 22:09:24.549306,Regular,17973.82
CUST000769,M,44,Pattaya,2025-10-23 22:09:24.549306,Occasional,8234.95
CUST000770,F,49,Bangkok,2026-01-30 22:09:24.549306,New,3462.38
CUST000771,M,33,Khon Kaen,2025-08-26 22:09:24.549306,Occasional,8252.6
CUST000772,F,32,Bangkok,2024-09-24 22:09:24.549306,Premium,77675.41
CUST000773,M,24,Khon Kaen,2024-03-10 22:09:24.549306,Premium,105817.12
CUST000774,M,25,Hat Yai,2025-08-13 22:09:24.549306,New,2061.51
CUST000775,F,32,Bangkok,2025-12-06 22:09:24.549306,Regular,47650.37
CUST000776,M,39,Bangkok,2023-09-07 22:09:24.549306,Premium,142264.51
CUST000777,M,45,Pattaya,2025-10-22 22:09:24.549306,Occasional,9028.46
CUST000778,F,25,Bangkok,2025-02-14 22:09:24.549306,Occasional,6934.61
CUST000779,F,52,Khon Kaen,2025-06-18 22:09:24.549306,Occasional,11845.59
CUST000780,F,31,Bangkok,2025-01-15 22:09:24.549306,Regular,16284.95
CUST000781,F,34,Bangkok,2024-12-21 22:09:24.549306,Premium,97476.9
CUST000782,F,26,Hat Yai,2023-10-05 22:09:24.549306,New,2013.46
CUST000783,M,18,Phuket,2024-01-28 22:09:24.549306,Regular,47218.76
CUST000784,M,45,Khon Kaen,2025-01-08 22:09:24.549306,Occasional,3144.04
CUST000785,M,43,Bangkok,2025-06-25 22:09:24.549306,Occasional,9633.78
CUST000786,F,31,Phuket,2025-12-13 22:09:24.549306,Occasional,11887.96
CUST000787,F,35,Chiang Mai,2024-10-15 22:09:24.549306,Regular,31975.63
CUST000788,M,41,Phuket,2025-06-02 22:09:24.549306,Regular,17989.11
CUST000789,M,18,Phuket,2023-05-19 22:09:24.549306,Occasional,14669.54
CUST000790,F,28,Chiang Mai,2025-09-21 22:09:24.549306,New,2831.05
CUST000791,M,44,Bangkok,2023-09-01 22:09:24.549306,New,3263.84
CUST000792,F,19,Bangkok,2024-12-08 22:09:24.549306,Premium,73660.98
CUST000793,F,38,Pattaya,2024-08-02 22:09:24.549306,Regular,31922.43
CUST000794,F,18,Bangkok,2024-12-26 22:09:24.549306,New,2431.17
CUST000795,M,40,Phuket,2023-10-28 22:09:24.549306,Occasional,3898.75
CUST000796,F,34,Bangkok,2025-06-09 22:09:24.549306,New,977.72
CUST000797,F,18,Phuket,2026-01-21 22:09:24.549306,Regular,44311.54
CUST000798,F,48,Pattaya,2023-03-07 22:09:24.549306,Occasional,5877.84
CUST000799,F,26,Bangkok,2025-10-06 22:09:24.549306,Occasional,5339.5
CUST000800,F,25,Bangkok,2025-06-28 22:09:24.549306,Occasional,9058.94
CUST000801,F,37,Bangkok,2023-06-24 22:09:24.549306,Regular,41906.15
CUST000802,M,48,Phuket,2024-03-23 22:09:24.549306,Premium,56194.65
CUST000803,F,22,Khon Kaen,2026-01-29 22:09:24.549306,Occasional,9921.7
CUST000804,F,35,Bangkok,2025-03-14 22:09:24.549306,Regular,19172.37
CUST000805,M,40,Pattaya,2025-12-19 22:09:24.549306,Regular,16276.14
CUST000806,F,43,Bangkok,2025-08-26 22:09:24.549306,New,737.35
CUST000807,F,37,Chiang Mai,2023-06-18 22:09:24.549306,Regular,44195.74
CUST000808,F,30,Hat Yai,2024-04-24 22:09:24.549306,Occasional,4415.67
CUST000809,M,25,Bangkok,2024-09-01 22:09:24.549306,Regular,16580.3
CUST000810,M,36,Chiang Mai,2023-11-28 22:09:24.549306,Occasional,8254.8
CUST000811,F,22,Bangkok,2024-10-14 22:09:24.549306,New,4297.97
CUST000812,F,18,Bangkok,2025-08-18 22:09:24.549306,Premium,76240.84
CUST000813,M,40,Bangkok,2025-11-21 22:09:24.549306,Premium,92171.26
CUST000814,F,45,Bangkok,2023-11-08 22:09:24.549306,Regular,16397.29
CUST000815,F,18,Phuket,2023-05-03 22:09:24.549306,Premium,94907.85
CUST000816,F,22,Bangkok,2024-07-07 22:09:24.549306,Occasional,9931.36
CUST000817,F,42,Chiang Mai,2024-01-23 22:09:24.549306,New,3069.08
CUST000818,M,59,Bangkok,2024-11-30 22:09:24.549306,Regular,26634.93
CUST000819,M,35,Bangkok,2023-04-02 22:09:24.549306,Regular,26043.66
CUST000820,M,26,Phuket,2025-06-17 22:09:24.549306,Regular,18731.83
CUST000821,F,32,Hat Yai,2023-09-11 22:09:24.549306,Occasional,7401.58
CUST000822,M,51,Bangkok,2024-06-07 22:09:24.549306,Premium,59949.47
CUST000823,M,27,Khon Kaen,2023-10-23 22:09:24.549306,Occasional,12199.15
CUST000824,M,25,Chiang Mai,2025-10-05 22:09:24.549306,Occasional,14595.29
CUST000825,F,29,Chiang Mai,2023-10-31 22:09:24.549306,Occasional,14640.89
CUST000826,F,23,Chiang Mai,2024-01-14 22:09:24.549306,Regular,45277.49
CUST000827,M,36,Bangkok,2025-12-19 22:09:24.549306,Occasional,10209.51
CUST000828,M,54,Bangkok,2024-10-22 22:09:24.549306,Premium,120086.57
CUST000829,F,38,Phuket,2026-01-10 22:09:24.549306,Regular,24982.2
CUST000830,M,31,Bangkok,2024-09-14 22:09:24.549306,New,3338.47
CUST000831,M,31,Hat Yai,2025-07-02 22:09:24.549306,Occasional,8467.79
CUST000832,M,18,Bangkok,2025-11-17 22:09:24.549306,Premium,98201.73
CUST000833,M,45,Bangkok,2025-10-27 22:09:24.549306,Regular,41522.18
CUST000834,M,34,Pattaya,2024-07-16 22:09:24.549306,Regular,24867.14
CUST000835,F,32,Bangkok,2025-09-25 22:09:24.549306,Regular,26131.39
CUST000836,M,73,Chiang Mai,2023-12-26 22:09:24.549306,Regular,47362.46
CUST000837,F,38,Phuket,2025-04-28 22:09:24.549306,Premium,55622.43
CUST000838,M,25,Hat Yai,2024-03-29 22:09:24.549306,Regular,31997.2
CUST000839,F,29,Pattaya,2026-01-08 22:09:24.549306,Occasional,13953.61
CUST000840,F,48,Phuket,2023-12-09 22:09:24.549306,Occasional,10324.36
CUST000841,M,36,Phuket,2023-07-25 22:09:24.549306,Occasional,9556.88
CUST000842,F,18,Hat Yai,2024-09-20 22:09:24.549306,Premium,74974.42
CUST000843,M,46,Bangkok,2025-07-01 22:09:24.549306,New,2044.74
CUST000844,F,26,Bangkok,2025-01-29 22:09:24.549306,Occasional,13224.58
CUST000845,M,57,Bangkok,2026-01-07 22:09:24.549306,Occasional,9710.62
CUST000846,M,47,Bangkok,2024-09-02 22:09:24.549306,Occasional,9176.91
CUST000847,M,29,Phuket,2023-03-10 22:09:24.549306,New,948.11
CUST000848,F,50,Phuket,2024-10-04 22:09:24.549306,Occasional,3192.34
CUST000849,F,35,Chiang Mai,2024-11-05 22:09:24.549306,Regular,48728.98
CUST000850,F,45,Bangkok,2025-12-01 22:09:24.549306,Occasional,7523.83
CUST000851,M,40,Pattaya,2024-01-03 22:09:24.549306,Occasional,10238.56
CUST000852,F,24,Bangkok,2025-09-04 22:09:24.549306,Occasional,3956.58
CUST000853,M,27,Phuket,2025-11-20 22:09:24.549306,Occasional,11197.37
CUST000854,F,47,Chiang Mai,2025-02-08 22:09:24.549306,Premium,143256.67
CUST000855,M,30,Bangkok,2025-01-13 22:09:24.549306,Regular,35148.28
CUST000856,M,30,Bangkok,2025-04-15 22:09:24.549306,New,1067.52
CUST000857,M,23,Bangkok,2025-09-22 22:09:24.549306,Occasional,9980.66
CUST000858,M,40,Khon Kaen,2024-12-23 22:09:24.549306,Occasional,12196.17
CUST000859,F,59,Hat Yai,2024-03-25 22:09:24.549306,Regular,29224.58
CUST000860,M,22,Phuket,2024-07-06 22:09:24.549306,Regular,45794.32
CUST000861,F,35,Bangkok,2025-04-27 22:09:24.549306,New,3419.07
CUST000862,M,51,Bangkok,2024-06-25 22:09:24.549306,Occasional,13790.99
CUST000863,F,34,Pattaya,2025-06-23 22:09:24.549306,Occasional,10482.06
CUST000864,M,40,Pattaya,2023-06-02 22:09:24.549306,Regular,19595.08
CUST000865,M,22,Bangkok,2024-12-15 22:09:24.549306,Occasional,6716.3
CUST000866,F,40,Bangkok,2025-10-28 22:09:24.549306,Regular,22062.82
CUST000867,M,32,Pattaya,2025-04-23 22:09:24.549306,Occasional,13905.92
CUST000868,M,46,Bangkok,2025-05-03 22:09:24.549306,Regular,41614.0
CUST000869,F,49,Bangkok,2024-01-10 22:09:24.549306,Regular,38673.94
CUST000870,F,66,Bangkok,2025-12-13 22:09:24.549306,Occasional,6611.6
CUST000871,M,41,Chiang Mai,2023-05-19 22:09:24.549306,New,1328.2
CUST000872,M,38,Khon Kaen,2023-11-18 22:09:24.549306,Premium,125645.11
CUST000873,F,37,Hat Yai,2025-12-27 22:09:24.549306,Occasional,8689.9
CUST000874,M,30,Chiang Mai,2025-01-12 22:09:24.549306,Regular,22902.63
CUST000875,M,39,Chiang Mai,2023-09-26 22:09:24.549306,Regular,36581.77
CUST000876,M,31,Bangkok,2025-08-22 22:09:24.549306,Premium,54033.39
CUST000877,F,37,Chiang Mai,2023-09-25 22:09:24.549306,Regular,26415.96
CUST000878,F,50,Bangkok,2026-02-14 22:09:24.549306,Occasional,8622.68
CUST000879,M,22,Phuket,2025-09-25 22:09:24.549306,Premium,64795.83
CUST000880,M,48,Bangkok,2023-04-05 22:09:24.549306,Regular,49462.91
CUST000881,M,50,Bangkok,2023-12-25 22:09:24.549306,New,1440.94
CUST000882,F,33,Bangkok,2025-06-21 22:09:24.549306,Premium,63035.31
CUST000883,M,18,Bangkok,2024-01-15 22:09:24.549306,Occasional,5442.42
CUST000884,M,27,Bangkok,2023-08-05 22:09:24.549306,Regular,41917.14
CUST000885,F,50,Bangkok,2025-10-21 22:09:24.549306,Occasional,8106.07
CUST000886,M,34,Hat Yai,2024-08-28 22:09:24.549306,Regular,34789.56
CUST000887,F,23,Bangkok,2025-01-26 22:09:24.549306,Regular,15735.32
CUST000888,M,28,Chiang Mai,2025-05-27 22:09:24.549306,Regular,16205.1
CUST000889,M,45,Khon Kaen,2023-08-16 22:09:24.549306,Premium,94582.55
CUST000890,M,41,Hat Yai,2025-01-05 22:09:24.549306,Regular,43582.93
CUST000891,F,32,Chiang Mai,2026-03-01 22:09:24.549306,Occasional,13622.87
CUST000892,F,30,Khon Kaen,2025-04-21 22:09:24.549306,New,890.18
CUST000893,F,30,Bangkok,2024-12-12 22:09:24.549306,Occasional,9460.36
CUST000894,M,23,Bangkok,2025-11-28 22:09:24.549306,Occasional,13958.76
CUST000895,F,54,Bangkok,2023-05-17 22:09:24.549306,Premium,88797.28
CUST000896,M,31,Phuket,2023-07-23 22:09:24.549306,Regular,44034.8
CUST000897,M,49,Phuket,2024-06-27 22:09:24.549306,Regular,19679.35
CUST000898,F,53,Bangkok,2024-10-13 22:09:24.549306,Regular,47738.81
CUST000899,M,46,Bangkok,2024-06-12 22:09:24.549306,Occasional,12017.08
CUST000900,M,29,Phuket,2023-09-06 22:09:24.549306,Occasional,14296.01
CUST000901,M,39,Bangkok,2025-08-09 22:09:24.549306,Regular,38681.6
CUST000902,M,34,Chiang Mai,2023-09-22 22:09:24.549306,Regular,27719.14
CUST000903,M,24,Phuket,2023-09-26 22:09:24.549306,Occasional,14258.17
CUST000904,F,38,Pattaya,2025-08-29 22:09:24.549306,Occasional,6306.8
CUST000905,M,20,Pattaya,2024-02-08 22:09:24.549306,Regular,26626.04
CUST000906,F,49,Khon Kaen,2024-11-07 22:09:24.549306,New,3653.64
CUST000907,F,29,Chiang Mai,2023-05-03 22:09:24.549306,New,3943.92
CUST000908,M,37,Pattaya,2023-06-07 22:09:24.549306,Regular,47529.12
CUST000909,M,38,Phuket,2024-12-28 22:09:24.549306,Regular,22168.08
CUST000910,M,31,Bangkok,2023-06-27 22:09:24.549306,Occasional,12575.98
CUST000911,F,42,Bangkok,2024-10-25 22:09:24.549306,New,3823.46
CUST000912,M,29,Bangkok,2025-03-08 22:09:24.549306,New,787.08
CUST000913,F,45,Bangkok,2025-04-10 22:09:24.549306,Premium,88722.31
CUST000914,M,18,Phuket,2025-08-03 22:09:24.549306,Regular,24896.79
CUST000915,F,36,Khon Kaen,2023-12-28 22:09:24.549306,Occasional,6653.89
CUST000916,M,58,Bangkok,2024-07-17 22:09:24.549306,Occasional,14795.36
CUST000917,M,22,Bangkok,2026-02-24 22:09:24.549306,Regular,37497.21
CUST000918,F,26,Hat Yai,2025-06-25 22:09:24.549306,New,3729.54
CUST000919,F,41,Bangkok,2024-03-07 22:09:24.549306,Occasional,14719.41
CUST000920,M,37,Chiang Mai,2024-02-16 22:09:24.549306,Occasional,7526.42
CUST000921,F,39,Chiang Mai,2024-02-26 22:09:24.549306,New,4108.28
CUST000922,F,40,Chiang Mai,2023-08-13 22:09:24.549306,Occasional,8214.37
CUST000923,F,42,Bangkok,2025-04-26 22:09:24.549306,Regular,45433.68
CUST000924,F,48,Bangkok,2024-07-10 22:09:24.549306,Occasional,5167.89
CUST000925,M,39,Bangkok,2025-12-18 22:09:24.549306,Regular,48169.02
CUST000926,M,32,Chiang Mai,2023-12-23 22:09:24.549306,Occasional,5625.26
CUST000927,M,43,Chiang Mai,2024-06-22 22:09:24.549306,Regular,26417.72
CUST000928,F,57,Bangkok,2025-10-04 22:09:24.549306,Occasional,12074.31
CUST000929,F,33,Phuket,2024-08-06 22:09:24.549306,Regular,28781.43
CUST000930,M,23,Khon Kaen,2025-10-01 22:09:24.549306,Premium,110821.14
CUST000931,M,48,Bangkok,2024-08-08 22:09:24.549306,Regular,30560.07
CUST000932,F,33,Chiang Mai,2023-03-24 22:09:24.549306,Premium,124236.99
CUST000933,F,18,Phuket,2025-10-12 22:09:24.549306,Occasional,5739.98
CUST000934,F,45,Bangkok,2024-10-14 22:09:24.549306,Occasional,3701.5
CUST000935,M,28,Bangkok,2024-01-22 22:09:24.549306,Occasional,6599.15
CUST000936,M,33,Phuket,2023-08-03 22:09:24.549306,Regular,31600.8
CUST000937,M,38,Khon Kaen,2025-08-25 22:09:24.549306,Premium,66802.01
CUST000938,F,37,Khon Kaen,2025-02-09 22:09:24.549306,Premium,85479.73
CUST000939,M,43,Chiang Mai,2024-11-06 22:09:24.549306,Regular,28999.41
CUST000940,F,29,Pattaya,2025-07-20 22:09:24.549306,New,758.26
CUST000941,M,41,Bangkok,2024-07-29 22:09:24.549306,Regular,35415.75
CUST000942,F,31,Phuket,2025-09-25 22:09:24.549306,Regular,45952.02
CUST000943,F,43,Chiang Mai,2024-11-12 22:09:24.549306,Premium,65174.29
CUST000944,F,42,Bangkok,2024-04-15 22:09:24.549306,Regular,35923.28
CUST000945,M,23,Pattaya,2025-04-30 22:09:24.549306,Occasional,10976.87
CUST000946,M,48,Chiang Mai,2025-11-18 22:09:24.549306,Occasional,8032.02
CUST000947,M,28,Bangkok,2023-10-09 22:09:24.549306,Regular,39538.42
CUST000948,F,44,Hat Yai,2024-07-02 22:09:24.549306,Premium,91073.15
CUST000949,F,39,Bangkok,2025-04-24 22:09:24.549306,Regular,32662.31
CUST000950,F,57,Bangkok,2025-03-09 22:09:24.549306,Regular,15257.36
CUST000951,F,32,Bangkok,2024-10-30 22:09:24.549306,Regular,39210.2
CUST000952,F,30,Pattaya,2024-10-29 22:09:24.549306,New,3476.04
CUST000953,M,34,Pattaya,2023-04-18 22:09:24.549306,Occasional,3460.81
CUST000954,F,31,Bangkok,2025-05-23 22:09:24.549306,Occasional,7419.0
CUST000955,M,44,Phuket,2024-09-17 22:09:24.549306,Regular,49266.11
CUST000956,M,18,Bangkok,2023-03-21 22:09:24.549306,Regular,29725.78
CUST000957,F,22,Pattaya,2023-06-13 22:09:24.549306,Occasional,9023.34
CUST000958,M,22,Chiang Mai,2025-12-16 22:09:24.549306,Occasional,13919.16
CUST000959,M,46,Bangkok,2024-10-11 22:09:24.549306,Occasional,11607.14
CUST000960,F,55,Hat Yai,2024-06-18 22:09:24.549306,Regular,35372.45
CUST000961,M,33,Bangkok,2025-02-23 22:09:24.549306,Occasional,12573.66
CUST000962,F,32,Bangkok,2024-05-26 22:09:24.549306,Regular,45252.82
CUST000963,M,35,Chiang Mai,2024-03-28 22:09:24.549306,New,2556.0
CUST000964,M,48,Hat Yai,2024-07-30 22:09:24.549306,Occasional,8701.3
CUST000965,M,23,Bangkok,2023-12-10 22:09:24.549306,Occasional,7632.61
CUST000966,M,37,Bangkok,2023-09-19 22:09:24.549306,Premium,146670.61
CUST000967,F,46,Bangkok,2023-05-24 22:09:24.549306,Occasional,11366.0
CUST000968,M,41,Chiang Mai,2024-11-26 22:09:24.549306,Premium,58322.31
CUST000969,F,37,Bangkok,2025-08-23 22:09:24.549306,Regular,45203.59
CUST000970,M,47,Phuket,2023-05-12 22:09:24.549306,Premium,98055.99
CUST000971,F,18,Hat Yai,2025-03-21 22:09:24.549306,Occasional,3825.05
CUST000972,F,43,Chiang Mai,2023-11-29 22:09:24.549306,Regular,34240.1
CUST000973,F,27,Bangkok,2023-09-05 22:09:24.549306,Regular,29600.75
CUST000974,M,18,Bangkok,2024-10-29 22:09:24.549306,New,4449.87
CUST000975,M,41,Bangkok,2025-01-02 22:09:24.549306,Regular,22139.81
CUST000976,M,51,Khon Kaen,2025-07-02 22:09:24.549306,Occasional,12917.58
CUST000977,F,33,Bangkok,2024-02-27 22:09:24.549306,Regular,34519.1
CUST000978,M,46,Bangkok,2024-04-19 22:09:24.549306,Premium,55461.03
CUST000979,F,54,Phuket,2023-11-30 22:09:24.549306,Occasional,14662.14
CUST000980,F,50,Bangkok,2025-03-23 22:09:24.549306,Premium,101261.52
CUST000981,M,54,Phuket,2026-02-24 22:09:24.549306,Regular,25180.69
CUST000982,F,43,Bangkok,2025-12-26 22:09:24.549306,Occasional,8632.88
CUST000983,M,35,Khon Kaen,2024-09-13 22:09:24.549306,Occasional,13294.29
CUST000984,M,18,Hat Yai,2024-02-04 22:09:24.549306,Occasional,6658.84
CUST000985,F,32,Phuket,2024-08-12 22:09:24.549306,Regular,21743.67
CUST000986,F,24,Hat Yai,2025-11-15 22:09:24.549306,Premium,62907.12
CUST000987,F,61,Bangkok,2024-10-29 22:09:24.549306,Occasional,6574.31
CUST000988,M,32,Chiang Mai,2025-01-26 22:09:24.549306,Occasional,12360.58
CUST000989,M,36,Phuket,2023-10-26 22:09:24.549306,Occasional,8659.52
CUST000990,F,41,Chiang Mai,2025-10-19 22:09:24.549306,Occasional,5729.78
CUST000991,F,35,Bangkok,2023-08-06 22:09:24.549306,Occasional,4994.22
CUST000992,F,55,Bangkok,2023-12-18 22:09:24.549306,Regular,26645.53
CUST000993,M,27,Bangkok,2024-06-09 22:09:24.549306,Regular,47897.35
CUST000994,F,37,Bangkok,2025-05-26 22:09:24.549306,Occasional,7116.32
CUST000995,M,26,Bangkok,2025-03-23 22:09:24.549306,Regular,49584.34
CUST000996,M,19,Pattaya,2023-09-05 22:09:24.549306,Regular,31983.07
CUST000997,F,27,Bangkok,2025-05-21 22:09:24.549306,New,1306.24
CUST000998,M,34,Bangkok,2023-04-02 22:09:24.549306,New,4510.13
CUST000999,F,29,Chiang Mai,2024-08-27 22:09:24.549306,Regular,31112.44
CUST001000,M,26,Chiang Mai,2023-11-13 22:09:24.549306,Premium,120967.13
